<?xml version="1.0" encoding="UTF-8"?>
<project-private xmlns="http://www.netbeans.org/ns/project-private/1">
    <editor-bookmarks xmlns="http://www.netbeans.org/ns/editor-bookmarks/2" lastBookmarkId="0"/>
    <open-files xmlns="http://www.netbeans.org/ns/projectui-open-files/2">
        <group>
            <file>file:/C:/Users/Administrator/Documents/NetBeansProjects/JSTLCRUD/src/java/diit/info/user/db/UserController.java</file>
            <file>file:/C:/Users/Administrator/Documents/NetBeansProjects/JSTLCRUD/web/index.jsp</file>
            <file>file:/C:/Users/Administrator/Documents/NetBeansProjects/JSTLCRUD/web/user.jsp</file>
        </group>
    </open-files>
</project-private>
